Above_below,Total Population (millions) 2015,Total Population (millions) 2030
Above,3729.599979162298,3938.7999973001997
Below,3587.4999821854994,4529.299958966801
